query,response
What exactly is a panzerotto?,"A panzerotto is a pocket of dough filled with various ingredients, typical of informal social gatherings in Puglia."
How is Panzerò different from other Italian restaurants?,"Panzerò focuses on authentic Apulian cuisine beyond typical pizza and pasta, emphasizing artisanal ingredients and a cozy atmosphere."
Why focus specifically on Apulian cuisine?,"The founders are from Puglia and want to share the regional culinary culture, which they see as unique and underrepresented."
What dishes does Panzerò serve besides panzerotti?,"They serve Antipasto Pugliese, Bruschetta, Puccia, desserts, and more traditional Apulian dishes."
What does “cucina povera” mean in practical terms for your menu?,"It refers to simple, high-quality dishes made from fresh, humble ingredients, as in traditional peasant cooking."
Why did Panzerò choose the name “Panzerò”?,Because they perfected their signature panzerotto and wanted the name to reflect their specialty.
What does the term “gezellig” mean and how does it relate to Panzerò’s atmosphere?,"“Gezellig” is Dutch for cozy; Panzerò’s guests often describe the restaurant as having a cozy, welcoming atmosphere."
Why is Puglia’s food culture special enough to build a restaurant brand around?,"Puglia offers unique traditional recipes, artisanal ingredients, and a cultural emphasis on simplicity and quality."
Are your recipes truly traditional or have they been modified for Dutch tastes?,"The recipes are traditional, based on grandmothers’ recipes, but tailored slightly during testing in Rotterdam."
How authentic are the ingredients you use?,Very authentic; many ingredients are sourced directly from small producers and farmers in Puglia.
What’s the story behind your signature panzerotto dough?,"It’s made with slowly leavened dough using mother yeast and a mix of quality flours, refined through testing in Rotterdam."
How does Panzerò’s food compare to other Italian places in Rotterdam?,"Panzerò claims a unique position by focusing on authentic Apulian street food, quality, and tradition, earning high rankings."
What makes your panzerotti better than a calzone or other stuffed bread?,"Panzerotti are smaller, fried or baked, and use a special dough and traditional fillings specific to Puglia."
Do you serve regional Apulian wines or just Italian wines in general?,"They serve exceptional wines inspired by Apulian cuisine, but specifics are not listed."
Are your ingredients organic?,"Some, like their Stracciatella cheese, are explicitly organic. Not all are confirmed as organic in the document."
Is the food at Panzerò healthy?,"It emphasizes fresh, quality ingredients and artisanal preparation, suggesting healthier options, but no health claims are made."
Do you import all ingredients or source any locally in the Netherlands?,Most artisanal ingredients come directly from Puglia; no mention of Dutch-sourced ingredients.
Who are the founders of Panzerò?,"Mimmo Vecchio and Luigi Incalza, both from Francavilla Fontana in Puglia."
How did Mimmo and Luigi meet?,"They met 18 years ago in their hometown, then reconnected in Rotterdam and launched Panzerò."
Why did the founders choose Rotterdam instead of an Italian city for Panzerò?,They wanted to introduce authentic Apulian food to the unique culinary scene in Rotterdam.
What inspired the transition from pop-up store to permanent restaurant?,"Positive response from over 1,000 customer questionnaires during their Markthal pop-up confirmed the concept’s viability."
How long did it take to develop your panzerotto recipe?,Several months of trials and tastings with friends in Rotterdam.
How many years has Panzerò been in business?,"About 7 years, started in 2016."
What’s the personal connection between the founders and Puglia?,"They both grew up in Puglia, inspired by their grandparents’ farming life and local culinary traditions."
Why is tradition so important to Panzerò?,"They see tradition as a way to preserve culture, ensure quality, and share authentic experiences."
How many panzerotti has Panzerò sold so far?,"Over 535,400 panzerotti."
How many customers has Panzerò served since opening?,"More than 250,300 customers."
Why did Panzerò survive COVID-19 when so many restaurants closed?,"They credit a loyal team, stable contracts, and strong community support."
How does Panzerò ensure staff retention in an industry with high turnover?,"By providing steady contracts, tuition support, team-building, and fostering a positive workplace culture."
How do you maintain consistency across dishes?,By using the same artisanal ingredients and refined recipes in all dishes.
Why is Panzerò raising money through crowdfunding instead of traditional financing?,To involve the community and existing fans as investors and partners in growth.
"Why do you need up to €350,000 for a second location?","To cover rent, key money, renovations, fit-out, inventory, and staffing costs."
"What happens if you raise only the minimum (€250,000) but not the full €350,000?","They’ll focus on casco (empty) locations, which may take longer to prepare."
"What is “key money,” and why is it necessary for your expansion?",It’s a payment to secure a commercial lease; often required in commercial real estate in high-demand areas.
What’s the expected payback period for investors?,"5 years, with interest-only payments in the first year."
How risky is this investment?,"Like any business, there’s risk; Panzerò emphasizes proven success and a loyal customer base, but no guarantees."
How profitable was Panzerò in 2022?,They report a 14% profit margin in 2022.
How have revenues grown year-over-year since 2016?,Revenue more than doubled post-lockdown compared to the inaugural year. Exact yearly figures aren’t listed.
Will investors receive equity or just a loan repayment with interest?,Just a loan repayment plus interest; no equity is offered.
What’s the minimum investment amount?,€250.00
Is the 5.5% return guaranteed?,No guarantees are stated; returns depend on business performance.
Why do you only pay interest the first year?,To allow time for the new location to stabilize before beginning principal repayment.
How do you plan to sustain cash flow during expansion?,By leveraging their existing loyal customer base and proven operational model.
Why should I invest rather than just eat at your restaurant?,Because you’d become part of Panzerò’s growth story and potentially earn 5.5% annual returns.
Why is the second Panzerò location being opened so close to the first?,To expand capacity while maintaining operational control and consistency.
How big will the second restaurant be?,"70 seats inside, 50-60 seats outside."
Why not open the second location in another Dutch city?,They see untapped market potential remaining in Rotterdam.
How many seats will the new location have?,"Up to 70 inside, 50-60 outside."
Will the new location have the same menu as the original?,"Yes, plus potential new menu additions."
What “Instagrammable” elements will the new restaurant feature?,An ambiance reminiscent of Puglian peasant homes and visually captivating decor.
Do you plan any special events at the new site?,"Yes, soft opening events, grand opening, and investor rewards."
Are you worried about cannibalizing business from your first restaurant?,They believe there’s enough demand to support both locations.
Will the new location offer delivery?,"Yes, like the existing one."
Will the new location also handle catering?,"Yes, they plan to expand catering capacity."
How did Panzerò become popular in Rotterdam?,"Through a successful pop-up launch, high-quality food, and positive reviews from locals and expats."
Why is Rotterdam considered a good market for Panzerò?,"It has a diverse, food-loving population and a thriving food scene."
What marketing channels do you use to promote Panzerò?,"Social media, word-of-mouth, and community engagement."
How important is social media to your success?,Very important; it helps spread the Apulian lifestyle and build community.
Do tourists or locals make up most of your customers?,"Both tourists and locals are key segments, plus expats and professionals."
Do you see interest from customers outside the Netherlands?,"Yes, they serve a global audience and aim for international expansion."
Who is your target audience for the second location?,"Food lovers, expats, locals, and tourists interested in authentic Italian cuisine."
When do you plan to launch franchising?,After establishing their showcase second location in Rotterdam.
Why is franchising part of your strategy?,To expand Panzerò’s reach while maintaining brand standards.
Which cities outside Rotterdam would be your first targets for franchises?,"Potentially cities in the Netherlands, Belgium, Luxembourg, Germany, and Austria."
Will franchisees also be required to use your Rural Hub ingredients?,"Likely, as consistency and direct sourcing are central to their concept."
What is the Panzerò Rural Hub in Puglia?,"A cooperative of small farmers who supply Panzerò with artisanal, high-quality ingredients."
Why is community so central to Panzerò’s brand?,"Because they believe in sharing culture, supporting small producers, and creating authentic experiences."
What’s the biggest compliment Panzerò has received from customers?,That their food rivals Italian mothers’ cooking—a huge compliment from Italians.
How can people stay updated on Panzerò’s crowdfunding progress?,"Via their website www.panzero.nl, email, or social media channels."
